{"cameraMode":{"drawMode":0,"name":"Shaded","section":"Shading Mode"},"sceneLighting":false,"audioPlay":false,"sceneViewState":{"m_AlwaysRefresh":false,"showFog":true,"showSkybox":false,"showFlares":true,"showImageEffects":true,"showParticleSystems":true,"showVisualEffectGraphs":true,"m_FxEnabled":true},"in2DMode":false,"pivot":{"x":-0.6898126602172852,"y":1.6009206771850587,"z":-0.0745549201965332},"rotation":{"x":-0.04279213771224022,"y":0.9058480262756348,"z":-0.09437490999698639,"w":-0.41073453426361086},"size":1.2247447967529297,"orthographic":false}